id;name;registration;hostname;workload_minutes
1;calculate networks;Account modular Concreto;Atum Bedfordshire;11173
2;withdrawal;override;Pequeno Espírito Prático;71649
3;payment backing Berkshire;púrpura Carro;connecting National;746
4;Leoa;Granito Madeira;Concreto;66828
5;prata Jamaica time-frame;deposit Sabonete Marketing;Devolved rich;65826
6;Avenida infrastructures;Lustroso;Infrastructure Bicicleta;84273
7;initiatives invoice caramelo;Forward microchip;Secured;4028
8;Mandatory Acre;Pequeno architecture;Profound Cadeira;7900
9;Loan;upward-trending;Macio Aço Impressionante;39718
10;Pataca;invoice;Queijo;23399
